RECORDNUM_AFTER,RECORDNUM,TAKENBY,PRJ,REQUESTDATE,COUNTERID,CREATEHEADERDATE,IMPORTDATADATE,COMPLETE,SETDATE,COMMENTS,AMENDING,PMENDING,SPEEDLIMIT,FC,MCD,RDPREFIX,ROUTE,SR,OFFSET,MP,SEG,SRI,ROAD,STATIONID,CNTDIR,TRAFDIR,FROMLMT,TOLMT,DESCRIPTION,SOURCE,DIR,DIVIDED,LASTAADT,LASTRECNOKEY,HPMS,TYPE,DATELASTCOUNTED,TEMPRECNO,WEATHER,IMPORTDATA,REQUESTITEMID,RDSUFFIX,REQUESTID,REQCOM,STAFFCOM,AMPEAK,PMPEAK,X,Y,LATITUDE,LONGITUDE,FACTOR,AXLE,OUTDIR,INDIR,SIDEWALK,OLDDIR,AADP,AADB,OLDAADT,AADT
125311,125311,traffic.com,2014-cmt,,,,,,,001450-7747 - north of I-76 schuylkill expwy,,,55,12,4210160106,US,1,8004,0418,,0510,,ramps to I-76 east,076690,east,both,I-76 schuylkill expwy,connector to I-76 west / US 1 south,,-1,,,,,,Volume,,,f,,,,,,,,,483466.38785977,4428428.91889183,40.00589,-75.19371,,1.0,,,,,,,,
125314,125314,traffic.com,2014-cmt,,,,,,,001450-7747 - north of I-76 schuylkill expwy,,,55,12,4210160106,US,1,8004,0596,,0260,,ramps to I-76 east,076690,west,both,I-76 schuylkill expwy,connector to I-76 west / US 1 south,,-1,,,,,,Volume,,,f,,,,,,,,,483466.38785977,4428428.91889183,40.00589,-75.19371,,1.0,,,,,,,,
125365,125365,traffic.com,2014-cmt,,,,2015-12-21 08:59:06,,2014-09-11 00:00:00,001550-7235 - 1/2 mile north of wissahickon ave overpass,8:00 AM,2:00 PM,55,12,4210160117,US,1,0001,0000,,0130,,roosevelt expwy,001550,north,both,roberts ave ramps,roberts ave underpass,,-1,,,,,,Volume,,,f,,,,,,,0.060795999999999996,0.06723599999999999,,,40.018679999999996,-75.1671,0.862,1.0,,,,,,,,47513
125388,125388,traffic.com,2014-cmt,,,,2015-12-21 10:35:35,,2014-02-11 00:00:00,202400-7254 - 3/4 mile north of us 30,7:00 AM,6:00 PM,55,12,4202922056,US,202,0202,0500,,0261,,expressway,202400,south,both,us 30 lancaster ave,swedesford rd overpass,,-1,,,,,,Volume,,,f,,,,,,,0.07149,0.084853,,,40.03966,-75.57988,1.0030000000000001,1.0,,,,,,,,39929
125391,125391,traffic.com,2014-cmt,,,,2015-12-21 10:51:45,,2014-05-14 00:00:00,202400-7254 - 3/4 mile north of us 30,7:00 AM,5:00 PM,55,12,4202922056,US,202,0202,0500,,0261,,expressway,202400,south,both,us 30 lancaster ave,swedesford rd overpass,,-1,,,,,,Volume,,,f,,,,,,,0.07006899999999999,0.08786999999999999,,,40.03966,-75.57988,0.863,1.0,,,,,,,,35003
123177,123177,kh,16-61-100,,1413,,2015-12-21 11:09:23,,2015-12-16 00:00:00,,11:00 AM,12:00 PM,35,17,3400517080,CR,625,,,0.68,,03000625__,creek rd,,west,both,newton's landing blvd,bridgeboro rd,,,,,,,,15 min Volume,,,f,,,,,,,0.068829,0.074367,505620.0519957,4432418.68361565,40.041979999999995,-74.93412,1.032,0.98,,,,,,,,2557
125368,125368,traffic.com,2014-cmt,,,,2015-12-21 09:04:11,,2014-12-16 00:00:00,001550-7235 - 1/2 mile north of wissahickon ave overpass,7:00 AM,5:00 PM,55,12,4210160117,US,1,0001,0000,,0131,,roosevelt expwy,001550,south,both,roberts ave ramps,roberts ave underpass,,-1,,,,,,Volume,,,f,,,,,,,0.080686,0.068892,,,40.018679999999996,-75.1671,0.926,1.0,,,,,,,,54411
125393,125393,traffic.com,2014-cmt,,,,2015-12-21 10:56:30,,2014-07-24 00:00:00,202400-7254 - 3/4 mile north of us 30,7:00 AM,4:00 PM,55,12,4202922056,US,202,0202,0500,,0261,,expressway,202400,south,both,us 30 lancaster ave,swedesford rd overpass,,-1,,,,,,Volume,,,f,,,,,,,0.06391,0.09111699999999999,,,40.03966,-75.57988,0.863,1.0,,,,,,,,35527
125394,125394,traffic.com,2014-cmt,,,,2015-12-21 10:58:05,,2014-08-27 00:00:00,202400-7254 - 3/4 mile north of us 30,7:00 AM,5:00 PM,55,12,4202922056,US,202,0202,0500,,0261,,expressway,202400,south,both,us 30 lancaster ave,swedesford rd overpass,,-1,,,,,,Volume,,,f,,,,,,,0.070066,0.08899399999999999,,,40.03966,-75.57988,0.869,1.0,,,,,,,,35719
123180,123180,kh,16-61-100,,1103,,2015-12-21 11:14:54,,2015-12-16 00:00:00,,11:00 AM,3:00 PM,35,16,3400581440,CR,629,,,0.50,,03000629__,levitt pkwy,,north,both,cr 634 sunset rd,cr 630 charleston rd,,,,,,,,15 min Volume,,,f,,,,,,,0.065914,0.08062899999999999,509216.09447593,4432849.51114859,40.045829999999995,-74.89196,1.0470000000000002,0.98,,,,,,,,5090
123205,123205,kh,16-61-100,,1189,,2015-12-21 11:19:03,,2015-12-17 00:00:00,,7:00 AM,4:00 PM,45,16,3400582960,NJ,68,,,0.52,,00000068__,,,south,both,juliustown rd,cr 670 saylors pond rd,,,,,,,,15 min Volume,,,f,,,,,,,0.134045,0.079478,530781.88799517,4430488.85854993,40.024049999999995,-74.63926,1.0470000000000002,0.98,,,,,,,,3460
123254,123254,kh,16-61-100,,1415,,2015-12-21 11:21:49,,2015-12-16 00:00:00,,7:00 AM,5:00 PM,45,16,3400547880,CR,686,,,1.96,,03000686__,hartford rd,,east,both,garwood rd,cox rd,,,,,,,,15 min Volume,,,f,,,,,,,0.105581,0.07395299999999999,506670.74507265,4427892.22134664,40.00119,-74.92184999999999,1.0470000000000002,0.98,,,,,,,,6618
125324,125324,traffic.com,2014-cmt,,,,,,,001450-7747 - north of I-76 schuylkill expwy,,,55,12,4210160106,US,1,8004,0596,,0260,,ramps to I-76 east,076690,west,both,I-76 schuylkill expwy,connector to I-76 west / US 1 south,,-1,,,,,,Volume,,,f,,,,,,,,,483466.38785977,4428428.91889183,40.00589,-75.19371,,1.0,,,,,,,,
125347,125347,traffic.com,2014-cmt,,,,2015-12-18 09:40:03,,2014-02-20 00:00:00,001500-7183 - north of ridge ave underpass,6:00 AM,3:00 PM,55,12,4210160108,US,1,0001,0000,,0101,,roosevelt expwy,001500,south,both,schuylkill river bridge,ridge ave ramps,,-1,,,,,,Volume,,,fair,,,,,,,0.065495,0.064774,483953.78656219,4428849.64084,40.00969,-75.18800999999999,1.0390000000000001,1.0,,,,,,,,57633
125304,125304,traffic.com,2014-cmt,,,,,,,001450-7747 - north of I-76 schuylkill expwy,,,55,12,4210160106,US,1,8004,0418,,0510,,ramps to I-76 east,076690,east,both,I-76 schuylkill expwy,connector to I-76 west / US 1 south,,-1,,,,,,Volume,,,f,,,,,,,,,483466.38785977,4428428.91889183,40.00589,-75.19371,,1.0,,,,,,,,
125345,125345,traffic.com,2014-cmt,,,,2015-12-18 10:33:20,,2014-06-19 00:00:00,001500-7183 - north of ridge ave underpass,7:00 AM,6:00 PM,55,12,4210160108,US,1,0001,0000,,0100,,roosevelt expwy,001500,north,both,schuylkill river bridge,ridge ave ramps,,-1,,,,,,Volume,,,fair,,,,,,,0.061454999999999996,0.06511499999999999,483953.78656219,4428849.64084,40.00969,-75.18800999999999,0.8570000000000001,1.0,,,,,,,,53619
125364,125364,traffic.com,2014-cmt,,,,2015-12-21 08:57:22,,2014-08-28 00:00:00,001550-7235 - 1/2 mile north of wissahickon ave overpass,7:00 AM,2:00 PM,55,12,4210160117,US,1,0001,0000,,0130,,roosevelt expwy,001550,north,both,roberts ave ramps,roberts ave underpass,,-1,,,,,,Volume,,,f,,,,,,,0.053729,0.068591,,,40.018679999999996,-75.1671,0.9610000000000001,1.0,,,,,,,,50564
125382,125382,traffic.com,2014-cmt,,,,2015-12-21 10:35:25,,2014-02-11 00:00:00,202400-7254 - 3/4 mile north of us 30,7:00 AM,3:00 PM,55,12,4202922056,US,202,0202,0500,,0260,,expressway,202400,north,both,us 30 lancaster ave,swedesford rd overpass,,-1,,,,,,Volume,,,f,,,,,,,0.09935,0.065787,,,40.03966,-75.57988,1.0030000000000001,1.0,,,,,,,,38252
125384,125384,traffic.com,2014-cmt,,,,2015-12-21 10:48:56,,2014-04-10 00:00:00,202400-7254 - 3/4 mile north of us 30,6:00 AM,3:00 PM,55,12,4202922056,US,202,0202,0500,,0260,,expressway,202400,north,both,us 30 lancaster ave,swedesford rd overpass,,-1,,,,,,Volume,,,f,,,,,,,0.066673,0.061460999999999995,,,40.03966,-75.57988,0.869,1.0,,,,,,,,39349
125398,125398,traffic.com,2014-cmt,,,,2015-12-21 11:05:43,,2014-12-16 00:00:00,202400-7254 - 3/4 mile north of us 30,7:00 AM,4:00 PM,55,12,4202922056,US,202,0202,0500,,0261,,expressway,202400,south,both,us 30 lancaster ave,swedesford rd overpass,,-1,,,,,,Volume,,,f,,,,,,,0.06600099999999999,0.087319,,,40.03966,-75.57988,0.926,1.0,,,,,,,,38877
123184,123184,kh,16-61-100,,1176,,2015-12-21 11:17:04,,2015-12-16 00:00:00,,7:00 AM,2:00 PM,35,16,3400581440,CR,630,,,4.03,,03000630__,levitt pkwy,,east,both,cr 633 john f kennedy way,evergreen dr,,,,,,,,15 min Volume,,,f,,,,,,,0.10202299999999999,0.07245399999999999,,,,,1.0470000000000002,0.98,,,,,,,,5934
125343,125343,traffic.com,2014-cmt,,,,2015-12-18 10:28:12,,2014-03-05 00:00:00,001500-7183 - north of ridge ave underpass,7:00 AM,3:00 PM,55,12,4210160108,US,1,0001,0000,,0100,,roosevelt expwy,001500,north,both,schuylkill river bridge,ridge ave ramps,,-1,,,,,,Volume,,,fair,,,,,,,0.06855599999999999,0.066802,483953.78656219,4428849.64084,40.00969,-75.18800999999999,0.922,1.0,,,,,,,,59928
125349,125349,traffic.com,2014-cmt,,,,2015-12-18 10:30:46,,2014-04-09 00:00:00,001500-7183 - north of ridge ave underpass,6:00 AM,3:00 PM,55,12,4210160108,US,1,0001,0000,,0101,,roosevelt expwy,001500,south,both,schuylkill river bridge,ridge ave ramps,,-1,,,,,,Volume,,,fair,,,,,,,0.071822,0.063965,483953.78656219,4428849.64084,40.00969,-75.18800999999999,0.903,1.0,,,,,,,,51033
125346,125346,traffic.com,2014-cmt,,,,2015-12-18 09:37:19,,2014-01-30 00:00:00,001500-7183 - north of ridge ave underpass,6:00 AM,3:00 PM,55,12,4210160108,US,1,0001,0000,,0101,,roosevelt expwy,001500,south,both,schuylkill river bridge,ridge ave ramps,,-1,,,,,,Volume,,,fair,,,,,,,0.066623,0.065597,483953.78656219,4428849.64084,40.00969,-75.18800999999999,0.9610000000000001,1.0,,,,,,,,53370
125318,125318,traffic.com,2014-cmt,,,,,,,001450-7747 - north of I-76 schuylkill expwy,,,55,12,4210160106,US,1,8004,0596,,0260,,ramps to I-76 east,076690,west,both,I-76 schuylkill expwy,connector to I-76 west / US 1 south,,-1,,,,,,Volume,,,f,,,,,,,,,483466.38785977,4428428.91889183,40.00589,-75.19371,,1.0,,,,,,,,
125342,125342,traffic.com,2014-cmt,,,,2015-12-18 09:39:52,,2014-02-20 00:00:00,001500-7183 - north of ridge ave underpass,7:00 AM,3:00 PM,55,12,4210160108,US,1,0001,0000,,0100,,roosevelt expwy,001500,north,both,schuylkill river bridge,ridge ave ramps,,-1,,,,,,Volume,,,fair,,,,,,,0.061633,0.06718199999999999,483953.78656219,4428849.64084,40.00969,-75.18800999999999,1.0390000000000001,1.0,,,,,,,,66285
125315,125315,traffic.com,2014-cmt,,,,,,,001450-7747 - north of I-76 schuylkill expwy,,,55,12,4210160106,US,1,8004,0596,,0260,,ramps to I-76 east,076690,west,both,I-76 schuylkill expwy,connector to I-76 west / US 1 south,,-1,,,,,,Volume,,,f,,,,,,,,,483466.38785977,4428428.91889183,40.00589,-75.19371,,1.0,,,,,,,,
125344,125344,traffic.com,2014-cmt,,,,2015-12-18 10:30:22,,2014-04-09 00:00:00,001500-7183 - north of ridge ave underpass,7:00 AM,3:00 PM,55,12,4210160108,US,1,0001,0000,,0100,,roosevelt expwy,001500,north,both,schuylkill river bridge,ridge ave ramps,,-1,,,,,,Volume,,,fair,,,,,,,0.067593,0.067761,483953.78656219,4428849.64084,40.00969,-75.18800999999999,0.903,1.0,,,,,,,,59302
125322,125322,traffic.com,2014-cmt,,,,,,,001450-7747 - north of I-76 schuylkill expwy,,,55,12,4210160106,US,1,8004,0596,,0260,,ramps to I-76 east,076690,west,both,I-76 schuylkill expwy,connector to I-76 west / US 1 south,,-1,,,,,,Volume,,,f,,,,,,,,,483466.38785977,4428428.91889183,40.00589,-75.19371,,1.0,,,,,,,,
125313,125313,traffic.com,2014-cmt,,,,,,,001450-7747 - north of I-76 schuylkill expwy,,,55,12,4210160106,US,1,8004,0596,,0260,,ramps to I-76 east,076690,west,both,I-76 schuylkill expwy,connector to I-76 west / US 1 south,,-1,,,,,,Volume,,,f,,,,,,,,,483466.38785977,4428428.91889183,40.00589,-75.19371,,1.0,,,,,,,,
125367,125367,traffic.com,2014-cmt,,,,2015-12-21 09:02:14,,2014-11-04 00:00:00,001550-7235 - 1/2 mile north of wissahickon ave overpass,8:00 AM,3:00 PM,55,12,4210160117,US,1,0001,0000,,0130,,roosevelt expwy,001550,north,both,roberts ave ramps,roberts ave underpass,,-1,,,,,,Volume,,,f,,,,,,,0.072063,0.069613,,,40.018679999999996,-75.1671,0.897,1.0,,,,,,,,46877
125386,125386,traffic.com,2014-cmt,,,,2015-12-21 10:53:45,,2014-06-05 00:00:00,202400-7254 - 3/4 mile north of us 30,7:00 AM,12:00 PM,55,12,4202922056,US,202,0202,0500,,0260,,expressway,202400,north,both,us 30 lancaster ave,swedesford rd overpass,,-1,,,,,,Volume,,,f,,,,,,,0.097553,0.06275399999999999,,,40.03966,-75.57988,0.8570000000000001,1.0,,,,,,,,33172
123172,123172,bb,16-61-100,,1166,,2015-12-21 11:07:26,,2015-12-17 00:00:00,,8:00 AM,5:00 PM,25,19,3400555800,CR,601,,,0.08,,03000601__,hilton rd,,north,both,cr 543 river rd,oxford rd,,,,,,,,15 min Volume,,,f,,,,,,,0.099685,0.07869899999999999,,,,,1.032,0.98,,,,,,,,964
123178,123178,kh,16-61-100,,1590,,2015-12-21 11:10:44,,2015-12-16 00:00:00,,11:00 AM,2:00 PM,40,17,3400517080,CR,624,,,0.92,,03000624__,coopertown rd,,east,both,cr 625 creek rd,perkins la,,,,,,,,15 min Volume,,,f,,,,,,,0.07615899999999999,0.102097,505437.1192012,4433031.76104512,40.04750486,-74.93625925,1.032,0.98,,,,,,,,1833
123185,123185,kh,16-61-100,,1176,,2015-12-21 11:18:07,,2015-12-16 00:00:00,,7:00 AM,5:00 PM,35,16,3400581440,CR,630,,,4.03,,03000630__,levitt pkwy,,west,both,cr 633 john f kennedy way,evergreen dr,,,,,,,,15 min Volume,,,f,,,,,,,0.068729,0.095496,,,,,1.0470000000000002,0.98,,,,,,,,5673
123204,123204,kh,16-61-100,,1077,,2015-12-21 11:18:33,,2015-12-17 00:00:00,,7:00 AM,4:00 PM,50,16,3400582960,NJ,68,,,0.52,,00000068__,,,north,both,juliustown rd,cr 670 saylors pond rd,,,,,,,,15 min Volume,,,f,,,,,,,0.08295799999999999,0.11992799999999999,530781.88799517,4430488.85854993,40.024049999999995,-74.63926,1.0470000000000002,0.98,,,,,,,,3414
123255,123255,kh,16-61-100,,1104,,2015-12-21 11:22:04,,2015-12-16 00:00:00,,7:00 AM,5:00 PM,45,16,3400547880,CR,686,,,1.96,,03000686__,hartford rd,,west,both,garwood rd,cox rd,,,,,,,,15 min Volume,,,f,,,,,,,0.061494,0.110562,506670.74507265,4427892.22134664,40.00119,-74.92184999999999,1.0470000000000002,0.98,,,,,,,,6441
125309,125309,traffic.com,2014-cmt,,,,,,,001450-7747 - north of I-76 schuylkill expwy,,,55,12,4210160106,US,1,8004,0418,,0510,,ramps to I-76 east,076690,east,both,I-76 schuylkill expwy,connector to I-76 west / US 1 south,,-1,,,,,,Volume,,,f,,,,,,,,,483466.38785977,4428428.91889183,40.00589,-75.19371,,1.0,,,,,,,,
125307,125307,traffic.com,2014-cmt,,,,,,,001450-7747 - north of I-76 schuylkill expwy,,,55,12,4210160106,US,1,8004,0418,,0510,,ramps to I-76 east,076690,east,both,I-76 schuylkill expwy,connector to I-76 west / US 1 south,,-1,,,,,,Volume,,,f,,,,,,,,,483466.38785977,4428428.91889183,40.00589,-75.19371,,1.0,,,,,,,,
125323,125323,traffic.com,2014-cmt,,,,,,,001450-7747 - north of I-76 schuylkill expwy,,,55,12,4210160106,US,1,8004,0596,,0260,,ramps to I-76 east,076690,west,both,I-76 schuylkill expwy,connector to I-76 west / US 1 south,,-1,,,,,,Volume,,,f,,,,,,,,,483466.38785977,4428428.91889183,40.00589,-75.19371,,1.0,,,,,,,,
125305,125305,traffic.com,2014-cmt,,,,,,,001450-7747 - north of I-76 schuylkill expwy,,,55,12,4210160106,US,1,8004,0418,,0510,,ramps to I-76 east,076690,east,both,I-76 schuylkill expwy,connector to I-76 west / US 1 south,,-1,,,,,,Volume,,,f,,,,,,,,,483466.38785977,4428428.91889183,40.00589,-75.19371,,1.0,,,,,,,,
125320,125320,traffic.com,2014-cmt,,,,,,,001450-7747 - north of I-76 schuylkill expwy,,,55,12,4210160106,US,1,8004,0596,,0260,,ramps to I-76 east,076690,west,both,I-76 schuylkill expwy,connector to I-76 west / US 1 south,,-1,,,,,,Volume,,,f,,,,,,,,,483466.38785977,4428428.91889183,40.00589,-75.19371,,1.0,,,,,,,,
125389,125389,traffic.com,2014-cmt,,,,2015-12-21 10:37:39,,2014-03-20 00:00:00,202400-7254 - 3/4 mile north of us 30,7:00 AM,5:00 PM,55,12,4202922056,US,202,0202,0500,,0261,,expressway,202400,south,both,us 30 lancaster ave,swedesford rd overpass,,-1,,,,,,Volume,,,f,,,,,,,0.077531,0.085405,,,40.03966,-75.57988,0.903,1.0,,,,,,,,37841
123173,123173,kh,16-61-100,,1166,,2015-12-21 11:08:04,,2015-12-17 00:00:00,,11:00 AM,5:00 PM,25,19,3400555800,CR,601,,,0.08,,03000601__,hilton rd,,south,both,cr 543 river rd,oxford rd,,,,,,,,15 min Volume,,,f,,,,,,,0.066732,0.11089299999999999,,,,,1.032,0.98,,,,,,,,1031
123252,123252,kh,16-61-100,,1270,,2015-12-21 11:19:32,,2015-12-17 00:00:00,,7:00 AM,2:00 PM,25,17,3400517440,CR,686,,,0.54,,03000686__,hartford rd,,east,both,fairview blvd,cr 613 bridgeboro rd,,,,,,,,15 min Volume,,,f,,,,,,,0.06955399999999999,0.085759,,,,,1.032,0.98,,,,,,,,7052
123253,123253,kh,16-61-100,,1123,,2015-12-21 11:20:46,,2015-12-17 00:00:00,,7:00 AM,3:00 PM,25,17,3400517440,CR,686,,,0.54,,03000686__,hartford rd,,west,both,fairview blvd,cr 613 bridgeboro rd,,,,,,,,15 min Volume,,,f,,,,,,,0.084399,0.080008,,,,,1.032,0.98,,,,,,,,5296
125317,125317,traffic.com,2014-cmt,,,,,,,001450-7747 - north of I-76 schuylkill expwy,,,55,12,4210160106,US,1,8004,0596,,0260,,ramps to I-76 east,076690,west,both,I-76 schuylkill expwy,connector to I-76 west / US 1 south,,-1,,,,,,Volume,,,f,,,,,,,,,483466.38785977,4428428.91889183,40.00589,-75.19371,,1.0,,,,,,,,
125302,125302,traffic.com,2014-cmt,,,,,,,001450-7747 - north of I-76 schuylkill expwy,,,55,12,4210160106,US,1,8004,0418,,0510,,ramps to I-76 east,076690,east,both,I-76 schuylkill expwy,connector to I-76 west / US 1 south,,-1,,,,,,Volume,,,f,,,,,,,,,483466.38785977,4428428.91889183,40.00589,-75.19371,,1.0,,,,,,,,
125321,125321,traffic.com,2014-cmt,,,,,,,001450-7747 - north of I-76 schuylkill expwy,,,55,12,4210160106,US,1,8004,0596,,0260,,ramps to I-76 east,076690,west,both,I-76 schuylkill expwy,connector to I-76 west / US 1 south,,-1,,,,,,Volume,,,f,,,,,,,,,483466.38785977,4428428.91889183,40.00589,-75.19371,,1.0,,,,,,,,
125362,125362,traffic.com,2014-cmt,,,,2015-12-21 08:54:08,,2014-06-19 00:00:00,001550-7235 - 1/2 mile north of wissahickon ave overpass,7:00 AM,3:00 PM,55,12,4210160117,US,1,0001,0000,,0130,,roosevelt expwy,001550,north,both,roberts ave ramps,roberts ave underpass,,-1,,,,,,Volume,,,f,,,,,,,0.059046999999999995,0.07344099999999999,,,40.018679999999996,-75.1671,0.8570000000000001,1.0,,,,,,,,49057
125363,125363,traffic.com,2014-cmt,,,,2015-12-21 08:55:47,,2014-07-24 00:00:00,001550-7235 - 1/2 mile north of wissahickon ave overpass,8:00 AM,4:00 PM,55,12,4210160117,US,1,0001,0000,,0130,,roosevelt expwy,001550,north,both,roberts ave ramps,roberts ave underpass,,-1,,,,,,Volume,,,f,,,,,,,0.056776999999999994,0.063012,,,40.018679999999996,-75.1671,0.863,1.0,,,,,,,,42772
125396,125396,traffic.com,2014-cmt,,,,2015-12-21 11:02:16,,2014-10-15 00:00:00,202400-7254 - 3/4 mile north of us 30,7:00 AM,5:00 PM,55,12,4202922056,US,202,0202,0500,,0261,,expressway,202400,south,both,us 30 lancaster ave,swedesford rd overpass,,-1,,,,,,Volume,,,f,,,,,,,0.063973,0.091435,,,40.03966,-75.57988,0.887,1.0,,,,,,,,39696
123238,123238,bb,16-61-100,,1129,,2015-12-21 10:10:17,,2015-12-09 00:00:00,,11:00 AM,5:00 PM,35,9,3400553070,CR,664,,,0.87,,03000664__,chesterfield arneytown rd,,east,both,cr 528 chesterfield jacobstown rd,stewart rd,,,,,,,,15 min Volume,,,f,,,,,,,0.049207,0.120374,,,,,1.032,0.98,,,,,,,,2487
123176,123176,kh,16-61-100,,1215,,2015-12-21 11:08:56,,2015-12-16 00:00:00,,11:00 AM,2:00 PM,35,17,3400517080,CR,625,,,0.68,,03000625__,creek rd,,east,both,newton's landing blvd,bridgeboro rd,,,,,,,,15 min Volume,,,f,,,,,,,0.07758999999999999,0.10317799999999999,505620.0519957,4432418.68361565,40.041979999999995,-74.93412,1.032,0.98,,,,,,,,2451
112890,112890,jh,15-41-050,,4177,,2015-06-29 11:01:36,,2015-06-17 00:00:00,,,,40,8,4202922000,,,1028,2500,,0070,,pughtown rd westbound lanes,,west,both,wilson rd,french creek rd,,,,,,,,Bicycle 2,,,f,,,,,,,,,447786.07603534,4444408.03809019,40.148396,-75.61301999999999,0.859,0.9614,E,W,,,,29,,
125301,125301,traffic.com,2014-cmt,,,,,,,001450-7747 - north of I-76 schuylkill expwy,,,55,12,4210160106,US,1,8004,0418,,0510,,ramps to I-76 east,076690,east,both,I-76 schuylkill expwy,connector to I-76 west / US 1 south,,-1,,,,,,Volume,,,f,,,,,,,,,483466.38785977,4428428.91889183,40.00589,-75.19371,,1.0,,,,,,,,
125316,125316,traffic.com,2014-cmt,,,,,,,001450-7747 - north of I-76 schuylkill expwy,,,55,12,4210160106,US,1,8004,0596,,0260,,ramps to I-76 east,076690,west,both,I-76 schuylkill expwy,connector to I-76 west / US 1 south,,-1,,,,,,Volume,,,f,,,,,,,,,483466.38785977,4428428.91889183,40.00589,-75.19371,,1.0,,,,,,,,
125312,125312,traffic.com,2014-cmt,,,,,,,001450-7747 - north of I-76 schuylkill expwy,,,55,12,4210160106,US,1,8004,0418,,0510,,ramps to I-76 east,076690,east,both,I-76 schuylkill expwy,connector to I-76 west / US 1 south,,-1,,,,,,Volume,,,f,,,,,,,,,483466.38785977,4428428.91889183,40.00589,-75.19371,,1.0,,,,,,,,
125310,125310,traffic.com,2014-cmt,,,,,,,001450-7747 - north of I-76 schuylkill expwy,,,55,12,4210160106,US,1,8004,0418,,0510,,ramps to I-76 east,076690,east,both,I-76 schuylkill expwy,connector to I-76 west / US 1 south,,-1,,,,,,Volume,,,f,,,,,,,,,483466.38785977,4428428.91889183,40.00589,-75.19371,,1.0,,,,,,,,
125341,125341,traffic.com,2014-cmt,,,,2015-12-18 09:37:08,,2014-01-30 00:00:00,001500-7183 - north of ridge ave underpass,7:00 AM,3:00 PM,55,12,4210160108,US,1,0001,0000,,0100,,roosevelt expwy,001500,north,both,schuylkill river bridge,ridge ave ramps,,-1,,,,,,Volume,,,fair,,,,,,,0.064552,0.069192,483953.78656219,4428849.64084,40.00969,-75.18800999999999,0.9610000000000001,1.0,,,,,,,,61514
125308,125308,traffic.com,2014-cmt,,,,,,,001450-7747 - north of I-76 schuylkill expwy,,,55,12,4210160106,US,1,8004,0418,,0510,,ramps to I-76 east,076690,east,both,I-76 schuylkill expwy,connector to I-76 west / US 1 south,,-1,,,,,,Volume,,,f,,,,,,,,,483466.38785977,4428428.91889183,40.00589,-75.19371,,1.0,,,,,,,,
125350,125350,traffic.com,2014-cmt,,,,2015-12-18 10:33:32,,2014-06-19 00:00:00,001500-7183 - north of ridge ave underpass,6:00 AM,2:00 PM,55,12,4210160108,US,1,0001,0000,,0101,,roosevelt expwy,001500,south,both,schuylkill river bridge,ridge ave ramps,,-1,,,,,,Volume,,,fair,,,,,,,0.07019199999999999,0.057696,483953.78656219,4428849.64084,40.00969,-75.18800999999999,0.8570000000000001,1.0,,,,,,,,48215
125361,125361,traffic.com,2014-cmt,,,,2015-12-21 08:52:14,,2014-05-08 00:00:00,001550-7235 - 1/2 mile north of wissahickon ave overpass,7:00 AM,4:00 PM,55,12,4210160117,US,1,0001,0000,,0130,,roosevelt expwy,001550,north,both,roberts ave ramps,roberts ave underpass,,-1,,,,,,Volume,,,f,,,,,,,0.076933,0.074076,,,40.018679999999996,-75.1671,0.8580000000000001,1.0,,,,,,,,48057
125381,125381,traffic.com,2014-cmt,,,,2015-12-21 10:33:06,,2014-01-16 00:00:00,202400-7254 - 3/4 mile north of us 30,7:00 AM,1:00 PM,55,12,4202922056,US,202,0202,0500,,0260,,expressway,202400,north,both,us 30 lancaster ave,swedesford rd overpass,,-1,,,,,,Volume,,,f,,,,,,,0.097106,0.083718,,,40.03966,-75.57988,0.9610000000000001,1.0,,,,,,,,38547
125387,125387,traffic.com,2014-cmt,,,,2015-12-21 10:33:17,,2014-01-16 00:00:00,202400-7254 - 3/4 mile north of us 30,7:00 AM,5:00 PM,55,12,4202922056,US,202,0202,0500,,0261,,expressway,202400,south,both,us 30 lancaster ave,swedesford rd overpass,,-1,,,,,,Volume,,,f,,,,,,,0.066384,0.089456,,,40.03966,-75.57988,0.9610000000000001,1.0,,,,,,,,36321
125395,125395,traffic.com,2014-cmt,,,,2015-12-21 11:00:00,,2014-09-11 00:00:00,202400-7254 - 3/4 mile north of us 30,7:00 AM,4:00 PM,55,12,4202922056,US,202,0202,0500,,0261,,expressway,202400,south,both,us 30 lancaster ave,swedesford rd overpass,,-1,,,,,,Volume,,,f,,,,,,,0.070376,0.08806599999999999,,,40.03966,-75.57988,0.862,1.0,,,,,,,,35668
125397,125397,traffic.com,2014-cmt,,,,2015-12-21 11:03:59,,2014-11-20 00:00:00,202400-7254 - 3/4 mile north of us 30,7:00 AM,5:00 PM,55,12,4202922056,US,202,0202,0500,,0261,,expressway,202400,south,both,us 30 lancaster ave,swedesford rd overpass,,-1,,,,,,Volume,,,f,,,,,,,0.069854,0.085727,,,40.03966,-75.57988,0.9520000000000001,1.0,,,,,,,,39645
123179,123179,kh,16-61-100,,1174,,2015-12-21 11:14:11,,2015-12-16 00:00:00,,11:00 AM,3:00 PM,40,17,3400517080,CR,624,,,0.92,,03000624__,coopertown rd,,west,both,cr 625 creek rd,perkins la,,,,,,,,15 min Volume,,,f,,,,,,,0.06879199999999999,0.079978,505437.1192012,4433031.76104512,40.04750486,-74.93625925,1.032,0.98,,,,,,,,1808
123183,123183,kh,16-61-100,,1120,,2015-12-21 11:16:40,,2015-12-16 00:00:00,,7:00 AM,3:00 PM,35,16,3400581440,CR,630,,,2.97,,03000630__,levitt pkwy,,west,both,cr 630 charleston rd,cr 633 john f kennedy way,,,,,,,,15 min Volume,,,f,,,,,,,0.061478,0.086284,,,,,1.0470000000000002,0.98,,,,,,,,5708
123251,123251,kh,16-61-100,,1169,,2015-12-21 11:19:21,,2015-12-16 00:00:00,,7:00 AM,4:00 PM,25,17,3400517440,CR,605,,,0.31,,03000605__,s fairview st,,south,both,us 130 burlington pk,whittaker st,,,,,,,,15 min Volume,,,f,,,,,,,0.120599,0.075167,,,,,1.032,0.98,,,,,,,,4252
125306,125306,traffic.com,2014-cmt,,,,,,,001450-7747 - north of I-76 schuylkill expwy,,,55,12,4210160106,US,1,8004,0418,,0510,,ramps to I-76 east,076690,east,both,I-76 schuylkill expwy,connector to I-76 west / US 1 south,,-1,,,,,,Volume,,,f,,,,,,,,,483466.38785977,4428428.91889183,40.00589,-75.19371,,1.0,,,,,,,,
125319,125319,traffic.com,2014-cmt,,,,,,,001450-7747 - north of I-76 schuylkill expwy,,,55,12,4210160106,US,1,8004,0596,,0260,,ramps to I-76 east,076690,west,both,I-76 schuylkill expwy,connector to I-76 west / US 1 south,,-1,,,,,,Volume,,,f,,,,,,,,,483466.38785977,4428428.91889183,40.00589,-75.19371,,1.0,,,,,,,,
125348,125348,traffic.com,2014-cmt,,,,2015-12-18 10:28:23,,2014-03-05 00:00:00,001500-7183 - north of ridge ave underpass,6:00 AM,3:00 PM,55,12,4210160108,US,1,0001,0000,,0101,,roosevelt expwy,001500,south,both,schuylkill river bridge,ridge ave ramps,,-1,,,,,,Volume,,,fair,,,,,,,0.06845899999999999,0.06489299999999999,483953.78656219,4428849.64084,40.00969,-75.18800999999999,0.922,1.0,,,,,,,,52229
125303,125303,traffic.com,2014-cmt,,,,,,,001450-7747 - north of I-76 schuylkill expwy,,,55,12,4210160106,US,1,8004,0418,,0510,,ramps to I-76 east,076690,east,both,I-76 schuylkill expwy,connector to I-76 west / US 1 south,,-1,,,,,,Volume,,,f,,,,,,,,,483466.38785977,4428428.91889183,40.00589,-75.19371,,1.0,,,,,,,,
125366,125366,traffic.com,2014-cmt,,,,2015-12-21 09:00:32,,2014-10-28 00:00:00,001550-7235 - 1/2 mile north of wissahickon ave overpass,7:00 AM,5:00 PM,55,12,4210160117,US,1,0001,0000,,0130,,roosevelt expwy,001550,north,both,roberts ave ramps,roberts ave underpass,,-1,,,,,,Volume,,,f,,,,,,,0.07865599999999999,0.07904599999999999,,,40.018679999999996,-75.1671,0.893,1.0,,,,,,,,48013
125383,125383,traffic.com,2014-cmt,,,,2015-12-21 10:37:27,,2014-03-20 00:00:00,202400-7254 - 3/4 mile north of us 30,7:00 AM,4:00 PM,55,12,4202922056,US,202,0202,0500,,0260,,expressway,202400,north,both,us 30 lancaster ave,swedesford rd overpass,,-1,,,,,,Volume,,,f,,,,,,,0.061638,0.07853199999999999,,,40.03966,-75.57988,0.903,1.0,,,,,,,,36347
125385,125385,traffic.com,2014-cmt,,,,2015-12-21 10:51:31,,2014-05-14 00:00:00,202400-7254 - 3/4 mile north of us 30,7:00 AM,3:00 PM,55,12,4202922056,US,202,0202,0500,,0260,,expressway,202400,north,both,us 30 lancaster ave,swedesford rd overpass,,-1,,,,,,Volume,,,f,,,,,,,0.115702,0.061912999999999996,,,40.03966,-75.57988,0.863,1.0,,,,,,,,34527
125390,125390,traffic.com,2014-cmt,,,,2015-12-21 10:49:08,,2014-04-10 00:00:00,202400-7254 - 3/4 mile north of us 30,7:00 AM,4:00 PM,55,12,4202922056,US,202,0202,0500,,0261,,expressway,202400,south,both,us 30 lancaster ave,swedesford rd overpass,,-1,,,,,,Volume,,,f,,,,,,,0.069135,0.08717699999999999,,,40.03966,-75.57988,0.869,1.0,,,,,,,,35836
125392,125392,traffic.com,2014-cmt,,,,2015-12-21 10:53:57,,2014-06-05 00:00:00,202400-7254 - 3/4 mile north of us 30,7:00 AM,5:00 PM,55,12,4202922056,US,202,0202,0500,,0261,,expressway,202400,south,both,us 30 lancaster ave,swedesford rd overpass,,-1,,,,,,Volume,,,f,,,,,,,0.069977,0.083631,,,40.03966,-75.57988,0.8570000000000001,1.0,,,,,,,,37157
123239,123239,bb,16-61-100,,1129,,2015-12-21 10:10:32,,2015-12-09 00:00:00,,7:00 AM,4:00 PM,35,9,3400553070,CR,664,,,0.87,,03000664__,chesterfield arneytown rd,,west,both,cr 528 chesterfield jacobstown rd,stewart rd,,,,,,,,15 min Volume,,,f,,,,,,,0.124481,0.073859,,,,,1.032,0.98,,,,,,,,2437
123182,123182,kh,16-61-100,,1120,,2015-12-21 11:15:31,,2015-12-16 00:00:00,,7:00 AM,3:00 PM,35,16,3400581440,CR,630,,,2.97,,03000630__,levitt pkwy,,east,both,cr 630 charleston rd,cr 633 john f kennedy way,,,,,,,,15 min Volume,,,f,,,,,,,0.076005,0.080745,,,,,1.0470000000000002,0.98,,,,,,,,6277
